{
    "status": true,
    "code": 0,
    "languages": [
      {
        "lng_name": "English",
        "text": "English",
        "lng_code": "en",
        "lng_flag": "IO-32.png",
        "lng_flag_large": "IO-128.png",
        "status": true,
        "deleted_at": 0,
        "createdAt": "2017-07-21T08:51:18.180Z",
        "updatedAt": "2018-07-30T12:52:31.736Z",
        "default_lang": 1,
        "system_lang": 1,
        "update_data": true,
        "deleted_system": 0,
        "lang_detail_id": "59815a1300e1350d0fef445e",
        "id": "5971c086c7ab557d5c71024e"
      },
      {
        "lng_name": "Saudi Arabia",
        "text": "Saudi Arabia",
        "lng_code": "ar",
        "lng_flag": "SA-32.png",
        "lng_flag_large": "SA-128.png",
        "system_lang": 0,
        "default_lang": 0,
        "status": true,
        "deleted_at": 0,
        "deleted_system": 0,
        "update_data": true,
        "createdAt": "2018-06-21T12:50:47.551Z",
        "updatedAt": "2018-07-30T12:53:12.827Z",
        "lang_detail_id": "59815a1300e1350d0fef44fe",
        "id": "5b2b9f27a99b6a1a2aa5d2db"
      }
    ],
    "currencyData": {
        "title": "AED",
        "code": "AED",
        "symbol": "AED",
        "sign": "AED",
        "value": "1",
        "default": 0,
        "status": true,
        "deleted_at": 0,
        "createdAt": "2017-07-28T10:35:02.489Z",
        "updatedAt": "2018-07-18T06:42:12.170Z",
        "position": "left",
        "currency_id": "59a3f1d6dee07ba464d3edee",
        "delemeter": "1",
        "id": "59a3f1d6dee07ba464d3edff"
      },
    "basic_path": "http://103.82.221.20:2001/files/languages"
  }