{"statusCode":200,"result":{"Top Deals":[{"type":"deal","_id":"5bfce0875a90e90d1bcd6c81","description":"lorem lorem lorem lorem lorem lorem lorem lorem ","dealImage":"http://res.cloudinary.com/sumit9211/image/upload/v1542028053/lm40eiuskgz3uhuvkzia.jpg","topDealName":"Diwali Dhamaka"},{"type":"deal","_id":"5bdad26fdf8b8745629b6dcb","description":"limited time offer","dealImage":"http://res.cloudinary.com/sumit9211/image/upload/v1542028113/cnib6gfoypfbhdvchlwb.jpg","topDealName":"Diwali Dhamaka on foot wear"}],"Top Promoted Deals":[{"_id":"5bdad26fdf8b8745629b6dcb","type":"promotedDeal","status":"ACTIVE","promotedDealName":"Diwali Dhamaka on foot wear","description":"limited time offer","promotedDealImage":"http://res.cloudinary.com/sumit9211/image/upload/v1542028113/cnib6gfoypfbhdvchlwb.jpg"}],"Category":[{"_id":"5c46cffc7d53ef45054229e4","categoryName":"Sarees","image":"https://rukminim1.flixcart.com/image/462/554/jhmawsw0/sari/v/9/d/free-618s504-saara-original-imaf4yypb2hkvjwv.jpeg?q=50","status":"ACTIVE","type":"category"},{"_id":"5c46d0047d53ef45054229e5","categoryName":"Kurtas & Kurtis","image":"https://rukminim1.flixcart.com/image/462/554/jle1qq80/kurta/a/p/y/xl-sns0322-blue-style-n-shades-original-imaf8gwzhdxnnzaf.jpeg?q=50","status":"ACTIVE","type":"category"},{"_id":"5c46d0127d53ef45054229e6","categoryName":"Dupattas","image":"https://rukminim1.flixcart.com/image/462/554/jcqjr0w0/dupatta/w/7/q/10-2-25-meters-triranga-ethnicjunction-60-original-imaffrqudwpn2kpc.jpeg?q=50","status":"ACTIVE","type":"category"},{"_id":"5c46d03c7d53ef45054229e7","categoryName":"Touch Screen","image":"https://rukminim1.flixcart.com/image/312/312/jog2nbk0/mobile/e/x/b/mi-redmi-e7t-na-original-imafazxdh2bd6hep.jpeg?q=70","status":"ACTIVE","type":"category"},{"_id":"5c46d0467d53ef45054229e8","categoryName":"KeyPad Screen","image":"https://rukminim1.flixcart.com/image/612/612/jndhrbk0/jewellery-set/g/v/c/sdfcmb208-cinderella-fashion-jewelry-original-imafa2u3jtzkehhy.jpeg?q=70","status":"ACTIVE","type":"category"},{"_id":"5c51741f40823219604ad40e","categoryName":"laptop bag","image":"https://rukminim1.flixcart.com/image/612/612/laptop-bag/k/j/b/hp-laptop-backpack-15-6-duotone-backpack-original-imaezfggzc2fjzhy.jpeg?q=70","status":"ACTIVE","type":"category"}],"Top Picks in Mobile":[{"_id":"5c46ed85fd4439084e63e490","type":"topPicks","brand":"Samsung","productName":"Samsung Galaxy J6 Plus","price":"2999","color":["red","blue","green"],"description":"is simply dummy text of the printing and typesetting industry. Lorem Ipsum has been the industry's standard dummy text ever since the 1500s, when an unknown printer took a galley of type and scrambled it to make a type specimen book. It has survived not only five centuries, but also the leap into electronic typesetting, remaining essentially unchanged. It was popularised in the 1960s with the release of Letraset sheets containing Lorem Ipsum passages, and more recently with desktop publishing software like Aldus PageMaker including versions of Lorem Ipsum","image":"https://rukminim1.flixcart.com/image/832/832/jmgmmq80/mobile/h/m/g/samsung-galaxy-j6-plus-sm-j610fzrgins-original-imaf9d4txgpuurhk.jpeg?q=70","specifications":[{"TEST":"is simply dummy text of t","Type":"is simply dummy text of t"}],"status":"ACTIVE"},{"_id":"5c46ee3efd4439084e63e494","type":"topPicks","brand":"Samsung","productName":"Samsung Galaxy A7 (Gold, 64 GB)","price":"2999","color":["red","blue","green"],"description":"is simply dummy text of the printing and typesetting industry. Lorem Ipsum has been the industry's standard dummy text ever since the 1500s, when an unknown printer took a galley of type and scrambled it to make a type specimen book. It has survived not only five centuries, but also the leap into electronic typesetting, remaining essentially unchanged. It was popularised in the 1960s with the release of Letraset sheets containing Lorem Ipsum passages, and more recently with desktop publishing software like Aldus PageMaker including versions of Lorem Ipsum","image":"https://rukminim1.flixcart.com/image/832/832/jmgmmq80/mobile/x/f/z/samsung-galaxy-a7-sm-a750fzbhins-original-imaf9d35cv5anzqw.jpeg?q=70","specifications":[{"TEST":"is simply dummy text of t","Type":"is simply dummy text of t"}],"status":"ACTIVE"},{"_id":"5c46eeccfd4439084e63e498","type":"topPicks","brand":"MI","productName":"Samsung Guru 1200","price":"2999","color":["red","blue","green"],"description":"is simply dummy text of the printing and typesetting industry. Lorem Ipsum has been the industry's standard dummy text ever since the 1500s, when an unknown printer took a galley of type and scrambled it to make a type specimen book. It has survived not only five centuries, but also the leap into electronic typesetting, remaining essentially unchanged. It was popularised in the 1960s with the release of Letraset sheets containing Lorem Ipsum passages, and more recently with desktop publishing software like Aldus PageMaker including versions of Lorem Ipsum","image":"https://rukminim1.flixcart.com/image/832/832/mobile/a/3/g/samsung-guru-e1200-original-imaddqj59rygfcya.jpeg?q=70","specifications":[{"TEST":"is simply dummy text of t","Type":"is simply dummy text of t"}],"status":"ACTIVE"}],"Brand":[{"_id":"5c46d08dce04ff48a87d22a2","image":"http://res.cloudinary.com/sumit9211/image/upload/v1542017272/g4wtndcsjcisa5tgrhxj.jpg","icons":"http://res.cloudinary.com/sumit9211/image/upload/v1542017272/g4wtndcsjcisa5tgrhxj.jpg","brand":"Nike","type":"brand"},{"_id":"5c46d22aa91ebe4992ba04b3","image":"http://res.cloudinary.com/sumit9211/image/upload/v1541055755/bnmfipzj2k6r49wnhsme.png","icons":"http://res.cloudinary.com/sumit9211/image/upload/v1541055755/bnmfipzj2k6r49wnhsme.png","brand":"Puma","type":"brand"},{"_id":"5bfbceed3f0a465ee973df91","image":"http://res.cloudinary.com/sumit9211/image/upload/v1542017859/zax4vfyciukdkrd0lrlj.jpg","icons":"http://res.cloudinary.com/sumit9211/image/upload/v1542017859/zax4vfyciukdkrd0lrlj.jpg","brand":"GUCCI","type":"brand"},{"_id":"5bfbcf053f0a465ee973df93","image":"http://res.cloudinary.com/sumit9211/image/upload/v1543297832/qmp5l9nuq1ydelm4slrl.png","icons":"http://res.cloudinary.com/sumit9211/image/upload/v1543297832/qmp5l9nuq1ydelm4slrl.png","brand":"Adidas","type":"brand"},{"_id":"5bfbcf133f0a465ee973df95","image":"http://res.cloudinary.com/sumit9211/image/upload/v1543297892/awzxmyuwydxlmlj3qvad.png","icons":"http://res.cloudinary.com/sumit9211/image/upload/v1543297892/awzxmyuwydxlmlj3qvad.png","brand":"Samsung","type":"brand"},{"_id":"5bfbcf2d3f0a465ee973df96","image":"http://res.cloudinary.com/sumit9211/image/upload/v1543297952/ukhg4zkofxr7r2k0yson.png","icons":"http://res.cloudinary.com/sumit9211/image/upload/v1543297952/ukhg4zkofxr7r2k0yson.png","brand":"Sony","type":"brand"},{"_id":"5bfbcf393f0a465ee973df97","image":"http://res.cloudinary.com/sumit9211/image/upload/v1542017541/n6mjcvbzl8e2s4pnqhos.png","icons":"http://res.cloudinary.com/sumit9211/image/upload/v1542017541/n6mjcvbzl8e2s4pnqhos.png","brand":"MI","type":"brand"},{"_id":"5bfbcf4c3f0a465ee973df98","image":"http://res.cloudinary.com/sumit9211/image/upload/v1543298017/vp6bncchfacaygucocj6.jpg","icons":"http://res.cloudinary.com/sumit9211/image/upload/v1543298017/vp6bncchfacaygucocj6.jpg","brand":"Reebook","type":"brand"},{"_id":"5bfbd07e3f0a465ee973df99","image":"http://res.cloudinary.com/sumit9211/image/upload/v1543298072/hldtu1dslze4chvuqnsp.png","icons":"http://res.cloudinary.com/sumit9211/image/upload/v1543298072/hldtu1dslze4chvuqnsp.png","brand":"Rado","type":"brand"},{"_id":"5bfbd0833f0a465ee973df9a","image":"http://res.cloudinary.com/sumit9211/image/upload/v1543298131/uikjhrao6cauuawkqr4c.jpg","icons":"http://res.cloudinary.com/sumit9211/image/upload/v1543298131/uikjhrao6cauuawkqr4c.jpg","brand":"Rolex","type":"brand"},{"_id":"5bfbd0893f0a465ee973df9b","image":"http://res.cloudinary.com/sumit9211/image/upload/v1543298200/fwsduwxhedquby3g7jgp.jpg","icons":"http://res.cloudinary.com/sumit9211/image/upload/v1543298200/fwsduwxhedquby3g7jgp.jpg","brand":"Fastrack","type":"brand"},{"_id":"5bfbd0943f0a465ee973df9c","image":"http://res.cloudinary.com/sumit9211/image/upload/v1543298335/jnteigauepgtcylfhivh.jpg","icons":"http://res.cloudinary.com/sumit9211/image/upload/v1543298335/jnteigauepgtcylfhivh.jpg","brand":"Lootto","type":"brand"},{"_id":"5bfbd0a23f0a465ee973df9d","image":"http://res.cloudinary.com/sumit9211/image/upload/v1543298394/a0gbdblqqnrbgbi8gmek.png","icons":"http://res.cloudinary.com/sumit9211/image/upload/v1543298394/a0gbdblqqnrbgbi8gmek.png","brand":"RedChief","type":"brand"},{"_id":"5bfbd0a73f0a465ee973df9e","image":"http://res.cloudinary.com/sumit9211/image/upload/v1543298450/jvlxzjejkjnimhocfrj9.jpg","icons":"http://res.cloudinary.com/sumit9211/image/upload/v1543298450/jvlxzjejkjnimhocfrj9.jpg","brand":"Flite","type":"brand"},{"_id":"5bfbd0b43f0a465ee973df9f","image":"http://res.cloudinary.com/sumit9211/image/upload/v1543298506/ioc7rmhuzzryxkyezmge.png","icons":"http://res.cloudinary.com/sumit9211/image/upload/v1543298506/ioc7rmhuzzryxkyezmge.png","brand":"livon","type":"brand"},{"_id":"5c4851a693ff0b6fec5d8ac5","image":"","icons":"http://res.cloudinary.com/sumit9211/image/upload/v1548243366/oue2dckkusaly97rhkhr.jpg","brand":"Roadster","type":"brand"},{"_id":"5c51747d1e6d76539ac1d558","image":"","icons":"http://res.cloudinary.com/sumit9211/image/upload/v1548842108/u4gttsjomdbfigglmqnd.png","brand":"Dell","type":"brand"}],"Top Picks in Fashion":[{"_id":"5c46e3436e11184f825a6bda","type":"topPicks","brand":"Nike","productName":"YKING 1.0 M Running Shoes For Men","price":"2999","color":["red","blue","green"],"description":"is simply dummy text of the printing and typesetting industry. Lorem Ipsum has been the industry's standard dummy text ever since the 1500s, when an unknown printer took a galley of type and scrambled it to make a type specimen book. It has survived not only five centuries, but also the leap into electronic typesetting, remaining essentially unchanged. It was popularised in the 1960s with the release of Letraset sheets containing Lorem Ipsum passages, and more recently with desktop publishing software like Aldus PageMaker including versions of Lorem Ipsum","image":"https://rukminim1.flixcart.com/image/800/960/j62hrww0/shoe/y/x/v/yking-1-0-m-9-adidas-corblu-ftwwht-visgre-original-imaewmca7tgh9jhh.jpeg?q=50","specifications":[{"TEST":"is simply dummy text of t","Type":"is simply dummy text of t"}],"status":"ACTIVE"}]},"orderedKey":["Top Deals","Top Promoted Deals","Category","Top Picks in Mobile","Brand","Top Picks in Fashion"]}