{
	"languages": [
		{
			"label": "الإنجليزية",
			"code": "en"
		},
		{
			"label": "الفرنسية",
			"code": "fr"
		},
		{
			"label": "عربى",
			"code": "ar"
		}
    ],
    "header":{
        "store":"متجر",
        "account":"الحساب",
		"cart":"عربة التسوق",
        "waki":"واكي",
        "travel_gear":"معدات السفر",
        "writing_instruments":"أدوات الكتابة",
        "travel_accessories":"اكسسوارات السفر",
		"leather":"جلد",
		"jose":"جوزيه",
		"marie":"ماري",
		"simon":"سيمون",
		"jamie":"جيمي",
		"andrew":"أندرو",
        "teddie":"نشر لتجفيفه",
        "collections":"مجموعات",
		"sunglasses":"نظارات شمسيه",
		"electronics":"إلكترونيات",
		"gift_sets":"طقم هدايا",
		"apparels":"الملابس"
    },
    "home":{
		"new_collection":"مجموعة جديدة من",
		"fashionable":"قمصان عصرية",
		"the":"ال",
		"new":"الجديد",
		"collections":"مجموعات",
		"shirts_fashion":"قمصان عصرية",
		"shop_now":"تسوق الآن",
		"2015_collection":"2015 مجموعة",
		"new_color":"لون جديد والمطبوعات",
		"creative_prints":"ألوان جديدة ومطبوعات مبتكرة!",
		"sale_of_day":"بيع اليوم! خصومات من",
		"on_all_products":"على جميع المنتجات",
		"sale":"تخفيض السعر",
		"discounts":"خصومات",
		"new_items_summer":"عناصر جديدة من الصيف",
		"new_swim_wear":"ملابس السباحة الجديدة للبيع الآن",
		"items":"العناصر",
		"summer":"الصيف",
		"top_picks_in_mobile":"أعلى اللقطات في الجوال",
		"shop_by_brand":"عرض بواسطة الماركات",
		"trend_in_fashion":"يتداول في الأزياء",
		"dresses":"فساتين",
		"new_coolection_of_evening_dree":"مجموعة جديدة من اللباس مساء",
		"see_new_collection":"شاهد المجموعة الجديدة واختر ما تريد!"
	},
	"login_component":{
		"sign_in":"SignIn",
		"sign_in with":"Sign in with",
		"dont_have_account":"Dont have an account",
		"register":"Register here",
		"use_email":"Or use your email address",
		"email_address":"Email address",
		"password":"Password",
		"forgot_password":"Forgot password?"
	},
	"error":{
		"email":{
			"required":"Email is required",
			"invalid":"Email is invalid"
		},
		"password":{
			"required":"Password is required"
	},
	"firstName":{
		"required":"First Name is required",
		"invalid":"First Name is invalid"
	},
	"lastName":{
		"required":"Last Name is required",
		"invalid":"Last Name is Invalid"
	},
	"country":{
		"required":"country-code is required"
	},
	"phone":{
		"required":"Phone is required",
		"invalid":"Phone is invalid"
	}
	
}
}